{"_wandb":{"runtime":0},"_runtime":0,"_step":0,"RMSE":2774.2951357056445,"_timestamp":1.7645983095573456e+09}