{"_step":0,"RMSE":3652.4890143571956,"_timestamp":1.7644968001889575e+09,"_wandb":{"runtime":0},"_runtime":0}