{"_timestamp":1.764598437041692e+09,"_step":0,"_wandb":{"runtime":0},"_runtime":0,"RMSE":2597.9771938952813}