{"_wandb":{"runtime":0},"_runtime":0,"_step":0,"RMSE":2770.548952825053,"R2":0.9406415224075317,"_timestamp":1.7639916207954783e+09}