{"_runtime":0,"_timestamp":1.763991624374469e+09,"_step":0,"RMSE":2713.6650493382563,"R2":0.9430539608001709,"_wandb":{"runtime":0}}