{"_timestamp":1.764598310873896e+09,"_step":0,"RMSE":2597.9771938952813,"_wandb":{"runtime":0},"_runtime":0}