{"_runtime":0,"RMSE":2707.7563590544846,"_timestamp":1.76459831407548e+09,"_step":0,"_wandb":{"runtime":0}}