{"_runtime":0,"_wandb":{"runtime":0},"RMSE":5452.102530217127,"_timestamp":1.764496796367682e+09,"_step":0}