{"_wandb":{"runtime":0},"_runtime":0,"RMSE":7587.948866459235,"_timestamp":1.7644967928327372e+09,"_step":0}