{"RMSE":3652.4890143571956,"_timestamp":1.764598312358194e+09,"_step":0,"_wandb":{"runtime":0},"_runtime":0}