{"_step":0,"RMSE":2887.3320730390537,"_timestamp":1.7645984316506581e+09,"_wandb":{"runtime":0},"_runtime":0}