{"_step":0,"RMSE":2774.2951357056445,"R2":0.9404808878898621,"_timestamp":1.7639916232633548e+09,"_runtime":0,"_wandb":{"runtime":0}}