{"_timestamp":1.7645984356528313e+09,"_step":0,"_wandb":{"runtime":0},"_runtime":0,"RMSE":2774.2951357056445}