{"RMSE":2700.3559950495414,"_timestamp":1.764598306610515e+09,"_step":0,"_runtime":0,"_wandb":{"runtime":0}}