{"_step":0,"RMSE":2635.293152573353,"_timestamp":1.7645983156066093e+09,"_wandb":{"runtime":0},"_runtime":0}