{"_timestamp":1.764598434291011e+09,"_step":0,"_wandb":{"runtime":0},"_runtime":0,"RMSE":5452.102530217127}