{"RMSE":7587.948866459235,"_timestamp":1.7645984304256954e+09,"_wandb":{"runtime":0},"_runtime":0,"_step":0}