{"_wandb":{"runtime":0},"_runtime":0,"_step":0,"RMSE":2736.982645176984,"R2":0.9420711398124695,"_timestamp":1.7639916269022088e+09}