{"R2":0.5547541975975037,"_timestamp":1.7639916182119427e+09,"_step":0,"_wandb":{"runtime":0},"_runtime":0,"RMSE":7587.948866459235}