{"_runtime":0,"_wandb":{"runtime":0},"_timestamp":1.7644967975647662e+09,"_step":0,"RMSE":2774.2951357056445}