{"_wandb":{"runtime":0},"_runtime":0,"RMSE":3128.1240384613907,"R2":0.9243308305740356,"_timestamp":1.7639916338051152e+09,"_step":0}