{"_runtime":0,"RMSE":2635.293152573353,"_timestamp":1.7645984422277846e+09,"_step":0,"_wandb":{"runtime":0}}