{"_runtime":0,"_wandb":{"runtime":0},"_timestamp":1.7639916365466661e+09,"_step":0,"RMSE":2719.6737855853225,"R2":0.9428014755249023}