{"_wandb":{"runtime":0},"_runtime":0,"RMSE":2700.3559950495414,"_timestamp":1.764496795094718e+09,"_step":0}