{"_timestamp":1.7645983054206219e+09,"_step":0,"_wandb":{"runtime":0},"_runtime":0,"RMSE":2887.3320730390537}