{"RMSE":3652.4890143571956,"_wandb":{"runtime":0},"_runtime":0,"_timestamp":1.7645984389645562e+09,"_step":0}