{"RMSE":7587.948866459235,"_timestamp":1.764598303897199e+09,"_step":0,"_wandb":{"runtime":0},"_runtime":0}