{"RMSE":2887.3320730390537,"_wandb":{"runtime":0},"_runtime":0,"_timestamp":1.7644967939527452e+09,"_step":0}