{"RMSE":5452.102530217127,"_timestamp":1.764598308030641e+09,"_wandb":{"runtime":0},"_runtime":0,"_step":0}