{"RMSE":3652.4890143571956,"R2":0.8968358039855957,"_timestamp":1.7639916294447114e+09,"_step":0,"_wandb":{"runtime":0},"_runtime":0}