{"R2":0.9433159232139587,"_timestamp":1.763991632215152e+09,"_step":0,"_wandb":{"runtime":0},"_runtime":0,"RMSE":2707.416480706284}