{"R2":0.9440333247184753,"_timestamp":1.7639916351390443e+09,"_step":0,"_wandb":{"runtime":0},"_runtime":0,"RMSE":2690.2292653229388}