{"RMSE":4264.337228690995,"R2":0.8593777418136597,"_timestamp":1.7639916256097865e+09,"_wandb":{"runtime":0},"_runtime":0,"_step":0}