{"_wandb":{"runtime":0},"_runtime":0,"_timestamp":1.7644967988193564e+09,"_step":0,"RMSE":2597.9771938952813}