{"R2":0.9434259533882141,"_timestamp":1.7639916280754275e+09,"_step":0,"_wandb":{"runtime":0},"_runtime":0,"RMSE":2704.7876996171067}