{"_wandb":{"runtime":0},"_runtime":0,"R2":0.9433016777038574,"_timestamp":1.7639916309707608e+09,"_step":0,"RMSE":2707.7563590544846}