{"RMSE":2707.7563590544846,"_timestamp":1.7644968016997821e+09,"_wandb":{"runtime":0},"_runtime":0,"_step":0}