{"R2":0.9355319738388062,"_runtime":0,"_wandb":{"runtime":0},"_timestamp":1.76399161937287e+09,"_step":0,"RMSE":2887.3320730390537}