{"_timestamp":1.7639916219899027e+09,"_step":0,"_runtime":0,"_wandb":{"runtime":0},"RMSE":5452.102530217127,"R2":0.7701317071914673}