{"_timestamp":1.7645984329985006e+09,"_wandb":{"runtime":0},"_runtime":0,"_step":0,"RMSE":2700.3559950495414}