{"_wandb":{"runtime":0},"_runtime":0,"RMSE":2635.293152573353,"_timestamp":1.7644968029829845e+09,"_step":0}